id,X,Y,M,V
2800,-278.0,-68.0,130.25,0.512
2801,211.0,-110.0,124.25,0.46
2802,-139.0,205.0,68.25,0.4699999999999998
2803,36.0,164.0,41.5,0.36399999999999955
2804,-97.0,215.0,58.25,0.6279999999999998
2805,239.0,-126.0,70.75,0.5960000000000002
2806,-163.0,220.0,109.75,0.8239999999999995
2807,-258.0,-204.0,71.25,0.7019999999999997
2808,53.0,174.0,116.25,0.4559999999999998
2809,63.0,289.0,71.25,0.7279999999999996
2810,-95.0,165.0,141.5,0.8519999999999992
2811,-80.0,227.0,88.75,0.3019999999999997
2812,148.0,277.0,115.25,0.5899999999999997
2813,-19.0,12.0,66.75,0.2939999999999997
2814,-249.0,-113.0,60.25,0.6240000000000001
2815,-300.0,-369.0,142.0,0.5020000000000001
2816,-26.0,-261.0,64.25,0.5360000000000003
2817,-117.0,-77.0,56.75,0.5440000000000002
2818,-15.0,255.0,91.0,0.6540000000000002
2819,215.0,-158.0,120.0,0.45
2820,201.0,-260.0,40.75,0.7859999999999995
2821,-238.0,-161.0,54.5,0.35599999999999987
2822,75.0,211.0,67.0,0.40599999999999964
2823,7.0,-284.0,72.5,0.6739999999999998
2824,380.0,-21.0,148.5,0.5660000000000001
2825,201.0,-277.0,57.5,0.4879999999999999
2826,-58.0,172.0,100.5,0.586
2827,200.0,142.0,61.5,0.6699999999999998
2828,98.0,-182.0,124.75,0.7659999999999993
2829,-101.0,395.0,114.5,0.4959999999999999
2830,271.0,-62.0,126.25,0.47000000000000014
2831,-108.0,175.0,119.0,0.8379999999999995
2832,382.0,-326.0,31.5,0.6639999999999998
2833,-376.0,-211.0,81.75,0.6760000000000003
2834,205.0,-271.0,112.25,0.8319999999999993
2835,-27.0,66.0,72.75,0.6539999999999998
2836,-218.0,229.0,93.5,0.4699999999999997
2837,60.0,294.0,93.25,0.40399999999999986
2838,-197.0,-155.0,87.25,0.36199999999999993
2839,-187.0,264.0,117.0,0.5280000000000001
2840,113.0,133.0,71.25,0.616
2841,4.0,-289.0,66.75,0.508
2842,-99.0,300.0,143.25,0.8139999999999994
2843,-394.0,-307.0,40.25,0.512
2844,-102.0,180.0,93.75,0.4239999999999997
2845,177.0,60.0,78.5,0.3239999999999996
2846,-29.0,-230.0,65.0,0.3359999999999998
2847,369.0,-98.0,136.5,0.488
2848,44.0,14.0,96.75,0.5280000000000002
2849,217.0,-171.0,46.0,0.46399999999999975
2850,-240.0,-125.0,62.75,0.4440000000000001
2851,353.0,-138.0,122.5,0.5820000000000001
2852,-279.0,-205.0,89.5,0.408
2853,319.0,-328.0,36.75,0.6099999999999998
2854,-30.0,-55.0,62.25,0.7279999999999999
2855,99.0,117.0,82.0,0.596
2856,-208.0,-39.0,121.5,0.6139999999999998
2857,335.0,-115.0,129.75,0.6439999999999998
2858,-72.0,135.0,99.5,0.7579999999999991
2859,229.0,-87.0,106.0,0.5060000000000001
2860,-179.0,45.0,66.25,0.3339999999999997
2861,63.0,76.0,98.25,0.5939999999999999
2862,14.0,164.0,86.75,0.7159999999999996
2863,-229.0,174.0,105.5,0.6620000000000001
2864,5.0,-106.0,58.0,0.4439999999999998
2865,391.0,-212.0,134.25,0.48800000000000004
2866,-60.0,72.0,82.5,0.6999999999999997
2867,60.0,162.0,99.5,0.49999999999999956
2868,147.0,-134.0,117.75,0.5820000000000003
2869,75.0,253.0,71.75,0.5479999999999998
2870,-350.0,-17.0,119.25,0.6279999999999998
2871,5.0,-11.0,80.75,0.2759999999999996
2872,-290.0,-214.0,117.5,0.37999999999999984
2873,119.0,-110.0,125.5,0.6359999999999998
2874,27.0,-142.0,97.5,0.3960000000000001
2875,-232.0,13.0,122.0,0.71
2876,21.0,-265.0,118.75,0.32799999999999974
2877,207.0,173.0,101.25,0.47599999999999965
2878,-26.0,-2.0,74.75,0.32799999999999974
2879,34.0,224.0,67.5,0.23999999999999966
2880,274.0,-356.0,84.25,0.6819999999999997
2881,54.0,-32.0,70.25,0.6620000000000001
2882,-164.0,9.0,75.0,0.7999999999999994
2883,-167.0,-34.0,128.75,0.5480000000000002
2884,7.0,118.0,74.0,0.65
2885,199.0,-314.0,74.0,0.7999999999999997
2886,199.0,-263.0,91.25,0.5179999999999996
2887,-197.0,-34.0,127.5,0.7999999999999994
2888,-9.0,188.0,70.75,0.4419999999999997
2889,16.0,153.0,66.0,0.4699999999999996
2890,157.0,34.0,52.75,0.7219999999999998
2891,23.0,260.0,83.25,0.5239999999999998
2892,165.0,-106.0,48.0,0.546
2893,312.0,35.0,76.5,0.6219999999999999
2894,-217.0,-189.0,70.25,0.6100000000000001
2895,-198.0,-287.0,115.5,0.4439999999999999
2896,-201.0,-169.0,94.0,0.7019999999999997
2897,209.0,-148.0,72.5,0.504
2898,315.0,50.0,126.25,0.6140000000000001
2899,-100.0,214.0,79.75,0.552
2900,288.0,-308.0,120.5,0.44599999999999995
2901,98.0,224.0,81.0,0.4319999999999999
2902,-283.0,-381.0,96.25,0.7199999999999998
2903,-78.0,37.0,75.25,0.7439999999999999
2904,-20.0,190.0,94.25,0.6839999999999997
2905,19.0,-284.0,49.0,0.4880000000000002
2906,50.0,-6.0,65.75,0.672
2907,-128.0,-33.0,124.75,0.7399999999999998
2908,291.0,285.0,105.75,0.5619999999999998
2909,-33.0,311.0,97.5,0.5260000000000002
2910,-116.0,41.0,115.5,0.7599999999999996
2911,156.0,25.0,98.25,0.468
2912,24.0,237.0,88.0,0.5879999999999996
2913,-79.0,229.0,86.75,0.5959999999999996
2914,-4.0,127.0,77.25,0.3579999999999998
2915,-377.0,-126.0,63.25,0.3299999999999996
2916,-37.0,-247.0,73.5,0.5539999999999999
2917,-243.0,-97.0,57.5,0.39799999999999996
2918,172.0,-95.0,78.0,0.7939999999999995
2919,225.0,-269.0,60.25,0.41600000000000015
2920,181.0,-137.0,61.5,0.37399999999999983
2921,223.0,87.0,108.5,0.418
2922,-65.0,-109.0,87.25,0.39599999999999985
2923,-10.0,316.0,115.0,0.34799999999999975
2924,386.0,-11.0,89.0,0.3659999999999995
2925,-24.0,28.0,72.75,0.3839999999999998
2926,8.0,140.0,103.25,0.7059999999999996
2927,-157.0,191.0,96.5,0.612
2928,-295.0,-333.0,112.5,0.2919999999999996
2929,-117.0,389.0,101.5,0.532
2930,-279.0,123.0,114.75,0.6759999999999999
2931,-98.0,197.0,101.0,0.5159999999999999
2932,54.0,326.0,125.5,0.4520000000000002
2933,63.0,34.0,94.75,0.518
2934,288.0,-224.0,107.0,0.3339999999999997
2935,-297.0,-369.0,124.0,0.40799999999999975
2936,-202.0,-278.0,59.0,0.4699999999999998
2937,19.0,158.0,85.5,0.5159999999999999
2938,-194.0,-13.0,78.5,0.708
2939,-31.0,-294.0,140.5,0.5740000000000002
2940,-13.0,243.0,85.0,0.5820000000000001
2941,-61.0,-75.0,49.0,0.42199999999999976
2942,-243.0,198.0,99.25,0.6320000000000003
2943,-319.0,-341.0,89.25,0.8019999999999995
2944,-147.0,277.0,107.25,0.536
2945,-18.0,318.0,126.0,0.486
2946,296.0,-139.0,113.75,0.48800000000000027
2947,69.0,47.0,59.75,0.6400000000000002
2948,66.0,162.0,61.75,0.3239999999999997
2949,15.0,160.0,107.0,0.5899999999999999
2950,144.0,218.0,97.75,0.5719999999999998
2951,8.0,237.0,120.75,0.46600000000000025
2952,0.0,-69.0,71.75,0.8139999999999995
2953,193.0,-5.0,121.25,0.6479999999999994
2954,190.0,-136.0,38.25,0.6359999999999999
2955,6.0,201.0,78.75,0.704
2956,-141.0,-30.0,85.0,0.4019999999999997
2957,-211.0,-208.0,64.0,0.3619999999999996
2958,-219.0,-96.0,71.75,0.6919999999999998
2959,-125.0,-216.0,46.5,0.6759999999999997
2960,-282.0,-298.0,109.25,0.4859999999999999
2961,-117.0,23.0,65.75,0.6220000000000002
2962,-203.0,-194.0,55.0,0.5239999999999998
2963,136.0,-181.0,110.0,0.5319999999999999
2964,-207.0,-151.0,57.25,0.5359999999999999
2965,207.0,248.0,94.0,0.8219999999999993
2966,-225.0,-205.0,123.75,0.8159999999999998
2967,111.0,69.0,74.75,0.49999999999999983
2968,110.0,392.0,129.75,0.41199999999999976
2969,-81.0,268.0,82.5,0.4280000000000001
2970,0.0,55.0,117.25,0.7479999999999998
2971,43.0,-144.0,59.5,0.3319999999999998
2972,191.0,-80.0,98.5,0.6619999999999999
2973,126.0,-120.0,111.5,0.47400000000000014
2974,-206.0,67.0,130.75,0.6279999999999998
2975,347.0,-47.0,78.5,0.6099999999999997
2976,234.0,-107.0,53.5,0.3319999999999998
2977,-255.0,-155.0,69.75,0.42800000000000005
2978,65.0,-3.0,55.75,0.4139999999999999
2979,3.0,146.0,143.5,0.803999999999999
2980,288.0,-252.0,89.75,0.5000000000000003
2981,156.0,226.0,117.75,0.7499999999999996
2982,-135.0,109.0,99.75,0.5199999999999999
2983,-72.0,-289.0,75.25,0.6119999999999998
2984,172.0,229.0,95.5,0.5100000000000003
2985,-2.0,-106.0,53.0,0.34999999999999987
2986,163.0,68.0,57.5,0.6959999999999994
2987,-26.0,30.0,59.0,0.47400000000000003
2988,236.0,-157.0,104.5,0.5139999999999998
2989,172.0,-150.0,83.0,0.44399999999999973
2990,70.0,223.0,120.75,0.5539999999999999
2991,-49.0,-64.0,67.0,0.3399999999999997
2992,-92.0,129.0,85.25,0.2719999999999996
2993,293.0,-303.0,107.0,0.31999999999999956
2994,26.0,207.0,88.0,0.6559999999999999
2995,-376.0,-209.0,99.5,0.4279999999999997
2996,-85.0,-73.0,72.0,0.4480000000000001
2997,-164.0,52.0,97.5,0.6680000000000001
2998,0.0,-6.0,74.25,0.6460000000000001
2999,-218.0,-94.0,119.75,0.6020000000000001
3000,114.0,-9.0,63.75,0.606
3001,-293.0,-131.0,64.5,0.616
3002,343.0,-310.0,111.25,0.5360000000000003
3003,-109.0,-185.0,76.75,0.46199999999999997
3004,-304.0,-335.0,65.5,0.7339999999999997
3005,198.0,306.0,117.5,0.4279999999999999
3006,294.0,-149.0,92.25,0.6000000000000001
3007,130.0,172.0,54.25,0.618
3008,191.0,130.0,115.5,0.7239999999999996
3009,-11.0,287.0,87.75,0.5180000000000002
3010,-51.0,47.0,58.5,0.3499999999999998
3011,-199.0,146.0,128.0,0.68
3012,-75.0,198.0,95.75,0.48800000000000004
3013,212.0,-195.0,96.25,0.3660000000000001
3014,-400.0,-200.0,70.75,0.8059999999999993
3015,-46.0,298.0,121.5,0.5499999999999999
3016,-60.0,201.0,79.5,0.6579999999999999
3017,222.0,5.0,102.5,0.5079999999999997
3018,34.0,206.0,101.5,0.4939999999999998
3019,-7.0,95.0,91.0,0.5299999999999998
3020,-175.0,192.0,130.75,0.7459999999999993
3021,-56.0,-278.0,102.0,0.3760000000000001
3022,-330.0,265.0,81.5,0.5059999999999998
3023,91.0,101.0,72.25,0.624
3024,88.0,-247.0,55.5,0.6479999999999998
3025,143.0,268.0,74.5,0.7579999999999995
3026,-123.0,386.0,159.75,0.5200000000000002
3027,-70.0,301.0,125.0,0.5519999999999999
3028,-78.0,-81.0,89.25,0.35800000000000004
3029,226.0,-7.0,93.5,0.52
3030,-57.0,201.0,85.0,0.4179999999999998
3031,400.0,98.0,56.25,0.6099999999999998
3032,-21.0,-198.0,86.5,0.7319999999999999
3033,191.0,299.0,136.75,0.7379999999999995
3034,-77.0,-130.0,88.25,0.5820000000000001
3035,365.0,16.0,112.25,0.6599999999999998
3036,-23.0,317.0,101.0,0.6659999999999999
3037,53.0,-35.0,90.5,0.5759999999999997
3038,-269.0,-260.0,130.25,0.6939999999999996
3039,153.0,329.0,91.0,0.5060000000000001
3040,-239.0,-183.0,102.0,0.5679999999999995
3041,-160.0,-143.0,93.75,0.42600000000000016
3042,63.0,161.0,87.25,0.5960000000000002
3043,2.0,6.0,78.5,0.39199999999999974
3044,-76.0,81.0,79.75,0.7379999999999995
3045,9.0,-130.0,82.75,0.7339999999999998
3046,26.0,212.0,92.75,0.6399999999999997
3047,371.0,50.0,72.25,0.5999999999999999
3048,-67.0,211.0,86.0,0.644
3049,-91.0,-255.0,105.25,0.69
3050,88.0,-169.0,58.0,0.6979999999999995
3051,-152.0,284.0,79.75,0.33799999999999975
3052,-272.0,-305.0,126.0,0.37999999999999995
3053,-99.0,-27.0,65.25,0.694
3054,-66.0,173.0,72.0,0.5460000000000003
3055,162.0,-46.0,66.5,0.5340000000000004
3056,97.0,330.0,96.5,0.27999999999999964
3057,43.0,187.0,60.75,0.4979999999999999
3058,-140.0,-149.0,70.25,0.6459999999999995
3059,161.0,86.0,72.25,0.35800000000000004
3060,210.0,123.0,116.75,0.3379999999999997
3061,-158.0,24.0,114.0,0.8019999999999995
3062,-205.0,-372.0,45.0,0.8459999999999995
3063,147.0,183.0,89.0,0.46399999999999963
3064,260.0,-230.0,62.0,0.36799999999999966
3065,3.0,-274.0,128.0,0.7739999999999996
3066,-85.0,-215.0,94.75,0.6879999999999995
3067,-47.0,332.0,79.0,0.6560000000000004
3068,135.0,266.0,72.25,0.6179999999999994
3069,29.0,26.0,64.0,0.4599999999999998
3070,-146.0,17.0,46.25,0.4939999999999997
3071,337.0,-298.0,85.5,0.7859999999999995
3072,225.0,-224.0,117.25,0.7059999999999996
3073,-10.0,21.0,73.75,0.7479999999999997
3074,223.0,-349.0,71.0,0.8039999999999998
3075,186.0,-97.0,127.75,0.6239999999999999
3076,-352.0,-320.0,73.25,0.4699999999999999
3077,32.0,327.0,137.75,0.48999999999999994
3078,-319.0,-338.0,82.5,0.7519999999999996
3079,93.0,301.0,47.75,0.522
3080,75.0,153.0,71.75,0.37999999999999995
3081,-38.0,221.0,75.5,0.4279999999999997
3082,63.0,354.0,133.25,0.33799999999999986
3083,-7.0,-28.0,79.0,0.6200000000000001
3084,-58.0,3.0,67.25,0.35199999999999976
3085,12.0,-292.0,107.5,0.6299999999999997
3086,19.0,228.0,66.5,0.52
3087,213.0,-225.0,94.75,0.6100000000000001
3088,102.0,162.0,96.0,0.4199999999999999
3089,68.0,321.0,52.25,0.5859999999999999
3090,-48.0,-211.0,88.25,0.6039999999999999
3091,380.0,-106.0,80.75,0.4800000000000001
3092,-4.0,231.0,85.5,0.6539999999999999
3093,-201.0,-400.0,72.75,0.4559999999999998
3094,-192.0,194.0,95.25,0.6920000000000002
3095,26.0,-2.0,93.0,0.6679999999999997
3096,183.0,-249.0,52.25,0.44400000000000006
3097,-89.0,-43.0,91.25,0.714
3098,208.0,-292.0,101.75,0.6000000000000001
3099,-219.0,-74.0,53.5,0.562
3100,109.0,292.0,93.0,0.6799999999999997
3101,191.0,396.0,137.75,0.44799999999999973
3102,-274.0,-163.0,68.0,0.7159999999999997
3103,237.0,-133.0,63.25,0.40999999999999986
3104,343.0,-199.0,88.0,0.754
3105,30.0,187.0,109.75,0.7139999999999996
3106,29.0,204.0,87.5,0.41600000000000015
3107,365.0,40.0,75.25,0.5699999999999995
3108,241.0,-248.0,52.0,0.6999999999999998
3109,181.0,97.0,135.0,0.6559999999999998
3110,28.0,-337.0,73.5,0.29199999999999965
3111,98.0,-7.0,107.0,0.8099999999999997
3112,-195.0,-117.0,97.5,0.6779999999999998
3113,343.0,-322.0,133.25,0.6579999999999997
3114,-153.0,272.0,109.75,0.28599999999999953
3115,220.0,-97.0,127.25,0.384
3116,-159.0,45.0,113.5,0.694
3117,50.0,158.0,74.5,0.4320000000000001
3118,-225.0,350.0,122.75,0.44599999999999995
3119,-294.0,-117.0,103.25,0.4659999999999998
3120,-70.0,-102.0,82.25,0.6279999999999998
3121,187.0,-56.0,48.25,0.5100000000000001
3122,-46.0,-145.0,53.75,0.69
3123,-15.0,336.0,117.5,0.4019999999999999
3124,-159.0,-222.0,98.75,0.512
3125,-19.0,12.0,91.0,0.5259999999999997
3126,354.0,-92.0,134.5,0.44799999999999973
3127,-12.0,64.0,87.5,0.5780000000000001
3128,57.0,-172.0,100.75,0.6519999999999999
3129,388.0,-375.0,91.25,0.5919999999999999
3130,-64.0,13.0,56.5,0.7739999999999995
3131,103.0,195.0,83.0,0.3119999999999997
3132,3.0,305.0,122.5,0.7519999999999993
3133,-9.0,31.0,62.5,0.4839999999999997
3134,-17.0,-54.0,71.75,0.6379999999999998
3135,-218.0,260.0,102.0,0.48200000000000004
3136,-199.0,78.0,84.25,0.6080000000000001
3137,298.0,-280.0,119.0,0.3999999999999999
3138,-79.0,161.0,68.75,0.7519999999999994
3139,15.0,74.0,110.0,0.7699999999999996
3140,-127.0,262.0,72.75,0.5559999999999998
3141,-211.0,157.0,83.75,0.5100000000000002
3142,-3.0,-388.0,114.25,0.40599999999999975
3143,-140.0,90.0,66.25,0.8059999999999996
3144,-318.0,-164.0,77.75,0.7499999999999994
3145,100.0,196.0,71.75,0.6579999999999999
3146,-108.0,225.0,84.75,0.46999999999999964
3147,103.0,252.0,111.0,0.2859999999999996
3148,-187.0,115.0,87.25,0.3079999999999998
3149,-41.0,-69.0,62.0,0.4279999999999999
3150,-376.0,-95.0,99.0,0.2599999999999996
3151,-97.0,315.0,96.0,0.2999999999999997
3152,108.0,392.0,130.25,0.474
3153,-343.0,-148.0,112.0,0.3659999999999999
3154,64.0,324.0,109.75,0.44599999999999973
3155,-361.0,-117.0,120.0,0.29999999999999966
3156,48.0,186.0,68.5,0.2579999999999997
3157,36.0,-7.0,63.75,0.6220000000000007
3158,172.0,-116.0,45.0,0.528
3159,-50.0,-86.0,75.25,0.8059999999999993
3160,-115.0,84.0,126.5,0.7979999999999997
3161,158.0,-52.0,82.75,0.526
3162,290.0,-259.0,106.75,0.6900000000000002
3163,96.0,46.0,81.75,0.3499999999999999
3164,-42.0,13.0,46.25,0.3739999999999998
3165,-89.0,199.0,88.0,0.47999999999999987
3166,-1.0,264.0,57.75,0.418
3167,379.0,-101.0,95.75,0.3319999999999997
3168,-156.0,135.0,92.5,0.5940000000000001
3169,346.0,-269.0,54.5,0.4919999999999998
3170,232.0,-187.0,66.75,0.48999999999999977
3171,-299.0,-395.0,78.25,0.28999999999999965
3172,185.0,-18.0,89.0,0.4519999999999998
3173,-286.0,-170.0,102.75,0.6019999999999999
3174,-61.0,37.0,106.75,0.5339999999999999
3175,17.0,257.0,103.25,0.7779999999999998
3176,-194.0,-36.0,73.5,0.684
3177,245.0,-133.0,112.75,0.6399999999999997
3178,29.0,-14.0,49.5,0.5780000000000001
3179,39.0,-24.0,63.25,0.7239999999999998
3180,-191.0,-140.0,66.75,0.5759999999999997
3181,-68.0,142.0,75.75,0.6400000000000001
3182,157.0,-85.0,49.5,0.622
3183,-109.0,-11.0,64.5,0.3599999999999997
3184,-303.0,-125.0,65.5,0.6359999999999999
3185,-25.0,-26.0,77.5,0.6080000000000001
3186,-250.0,-110.0,129.5,0.556
3187,-153.0,85.0,72.0,0.7799999999999989
3188,-25.0,-179.0,56.25,0.29199999999999965
3189,-16.0,342.0,80.5,0.46000000000000013
3190,-1.0,209.0,76.25,0.4539999999999995
3191,-159.0,-22.0,90.5,0.5340000000000001
3192,205.0,115.0,112.75,0.6679999999999999
3193,5.0,134.0,83.75,0.7239999999999995
3194,128.0,164.0,106.0,0.748
3195,88.0,130.0,111.75,0.5220000000000001
3196,60.0,191.0,45.75,0.3539999999999999
3197,-90.0,-278.0,80.5,0.53
3198,-193.0,-113.0,67.25,0.5539999999999996
3199,71.0,62.0,88.75,0.5900000000000002
3200,-195.0,-137.0,52.75,0.7039999999999995
3201,367.0,-209.0,81.25,0.46599999999999986
3202,-212.0,-194.0,96.75,0.5719999999999996
3203,-17.0,181.0,63.0,0.5959999999999998
3204,-2.0,-47.0,105.75,0.652
3205,160.0,-301.0,114.75,0.412
3206,-203.0,-187.0,90.75,0.6459999999999998
3207,-33.0,295.0,79.0,0.7080000000000003
3208,370.0,-225.0,103.0,0.7199999999999999
3209,-305.0,67.0,115.5,0.5299999999999998
3210,-79.0,245.0,117.25,0.612
3211,-97.0,84.0,96.75,0.6519999999999999
3212,-388.0,2.0,71.0,0.5820000000000001
3213,-35.0,129.0,113.25,0.48599999999999993
3214,-15.0,-148.0,63.75,0.3079999999999996
3215,84.0,323.0,97.0,0.4800000000000001
3216,162.0,-99.0,108.5,0.6659999999999997
3217,37.0,328.0,95.75,0.6680000000000001
3218,261.0,-138.0,53.75,0.6819999999999996
3219,131.0,-268.0,77.0,0.5359999999999998
3220,-199.0,-120.0,84.25,0.5719999999999997
3221,-204.0,-127.0,102.5,0.5559999999999998
3222,93.0,270.0,104.25,0.8099999999999994
3223,82.0,200.0,71.5,0.6260000000000001
3224,245.0,-131.0,111.0,0.7299999999999994
3225,171.0,-118.0,44.75,0.7259999999999994
3226,-3.0,299.0,88.25,0.4179999999999999
3227,205.0,35.0,118.5,0.7019999999999998
3228,58.0,184.0,106.5,0.7799999999999996
3229,281.0,-148.0,70.25,0.8179999999999997
3230,153.0,-52.0,87.0,0.544
3231,150.0,196.0,80.75,0.5000000000000001
3232,183.0,-30.0,99.5,0.52
3233,-43.0,40.0,69.75,0.4359999999999999
3234,-347.0,-332.0,61.75,0.4599999999999998
3235,-132.0,143.0,65.5,0.4259999999999997
3236,153.0,-51.0,146.5,0.8279999999999993
3237,179.0,52.0,106.25,0.4200000000000001
3238,-97.0,-73.0,46.75,0.6939999999999997
3239,-86.0,202.0,109.5,0.8399999999999995
3240,-300.0,-303.0,78.0,0.7119999999999996
3241,173.0,-79.0,76.0,0.722
3242,-369.0,-104.0,107.0,0.3499999999999997
3243,74.0,309.0,89.0,0.6979999999999998
3244,-120.0,19.0,105.75,0.6559999999999998
3245,233.0,-223.0,50.5,0.7959999999999997
3246,-85.0,306.0,84.0,0.46199999999999974
3247,-400.0,-96.0,123.5,0.5360000000000001
3248,-75.0,69.0,105.25,0.8119999999999996
3249,-105.0,51.0,84.0,0.7299999999999993
3250,-1.0,68.0,119.5,0.682
3251,57.0,188.0,76.0,0.758
3252,-33.0,182.0,65.5,0.3079999999999996
3253,158.0,212.0,93.25,0.5760000000000001
3254,327.0,-148.0,92.75,0.23399999999999962
3255,-314.0,-91.0,84.5,0.6779999999999997
3256,208.0,-301.0,86.0,0.574
3257,82.0,109.0,87.0,0.7279999999999995
3258,250.0,257.0,118.75,0.8719999999999993
3259,25.0,-216.0,70.5,0.8419999999999996
3260,-347.0,-102.0,125.5,0.4120000000000003
3261,-166.0,216.0,90.0,0.6880000000000002
3262,-92.0,0.0,61.25,0.4980000000000001
3263,-74.0,-29.0,72.5,0.7420000000000002
3264,72.0,317.0,144.0,0.7199999999999999
3265,-243.0,2.0,116.25,0.64
3266,-330.0,68.0,119.5,0.466
3267,-131.0,59.0,116.75,0.8239999999999995
3268,-277.0,-104.0,61.75,0.7159999999999995
3269,61.0,19.0,101.0,0.7599999999999997
3270,9.0,68.0,77.5,0.6360000000000002
3271,27.0,336.0,113.0,0.3839999999999999
3272,-214.0,-218.0,34.0,0.544
3273,83.0,52.0,63.0,0.3279999999999996
3274,-187.0,-154.0,101.0,0.5619999999999998
3275,22.0,210.0,95.25,0.7279999999999994
3276,23.0,202.0,76.5,0.47800000000000004
3277,-84.0,343.0,116.5,0.47800000000000026
3278,68.0,-260.0,77.0,0.5059999999999999
3279,13.0,-12.0,103.5,0.6779999999999995
3280,220.0,-110.0,69.75,0.41599999999999965
3281,286.0,-369.0,101.25,0.6179999999999994
3282,383.0,-100.0,101.25,0.3479999999999998
3283,-10.0,141.0,78.75,0.444
3284,187.0,122.0,70.25,0.6139999999999994
3285,-146.0,68.0,65.5,0.3919999999999999
3286,8.0,-238.0,74.0,0.7099999999999995
3287,217.0,33.0,87.0,0.5539999999999999
3288,116.0,284.0,86.5,0.7219999999999996
3289,189.0,111.0,77.5,0.4799999999999997
3290,136.0,-45.0,76.5,0.6999999999999996
3291,-1.0,331.0,113.25,0.3439999999999997
3292,249.0,-179.0,64.25,0.34599999999999975
3293,-69.0,310.0,129.25,0.5219999999999998
3294,-14.0,239.0,113.0,0.4599999999999998
3295,-219.0,-162.0,115.75,0.6019999999999996
3296,229.0,272.0,107.0,0.706
3297,-68.0,-287.0,110.75,0.584
3298,307.0,-20.0,82.5,0.636
3299,187.0,-37.0,84.0,0.73
3300,-50.0,244.0,101.0,0.8019999999999995
3301,-66.0,-218.0,108.5,0.612
3302,-103.0,224.0,101.0,0.4539999999999998
3303,-239.0,54.0,110.5,0.6259999999999999
3304,-3.0,-1.0,92.0,0.572
3305,150.0,62.0,62.0,0.6059999999999992
3306,-185.0,-60.0,92.25,0.6039999999999996
3307,135.0,373.0,151.75,0.5979999999999996
3308,18.0,151.0,89.5,0.2639999999999996
3309,-265.0,-239.0,130.25,0.4140000000000002
3310,-300.0,83.0,118.5,0.7819999999999996
3311,-313.0,-332.0,72.25,0.8099999999999994
3312,-266.0,102.0,132.5,0.8119999999999991
3313,-282.0,-126.0,95.0,0.39600000000000013
3314,204.0,48.0,75.5,0.7259999999999996
3315,209.0,-132.0,86.5,0.5059999999999998
3316,192.0,-123.0,82.75,0.6459999999999999
3317,-331.0,-338.0,86.0,0.8059999999999995
3318,22.0,95.0,70.5,0.76
3319,-400.0,-200.0,106.75,0.8419999999999994
3320,-362.0,2.0,122.75,0.6299999999999997
3321,186.0,93.0,109.5,0.6799999999999997
3322,332.0,-160.0,106.0,0.4020000000000002
3323,230.0,104.0,102.5,0.6519999999999997
3324,-229.0,-10.0,103.0,0.442
3325,391.0,-3.0,74.75,0.39599999999999985
3326,-165.0,8.0,63.25,0.6059999999999997
3327,107.0,203.0,99.0,0.31199999999999956
3328,-162.0,162.0,81.75,0.3680000000000001
3329,296.0,-238.0,87.25,0.3139999999999996
3330,-36.0,24.0,69.25,0.716
3331,238.0,-184.0,86.25,0.6000000000000001
3332,33.0,-19.0,98.0,0.5619999999999999
3333,3.0,156.0,93.5,0.596
3334,-50.0,22.0,84.25,0.506
3335,12.0,71.0,79.5,0.43
3336,-7.0,-126.0,116.0,0.5219999999999998
3337,49.0,43.0,92.75,0.4259999999999998
3338,-153.0,85.0,73.5,0.45399999999999985
3339,194.0,94.0,96.5,0.7199999999999995
3340,208.0,-369.0,47.0,0.7079999999999995
3341,10.0,-126.0,72.5,0.466
3342,-324.0,-10.0,99.0,0.7019999999999998
3343,-181.0,92.0,125.25,0.5039999999999997
3344,-6.0,274.0,70.25,0.7299999999999995
3345,22.0,80.0,65.75,0.5600000000000002
3346,136.0,175.0,131.75,0.6859999999999998
3347,-387.0,-7.0,91.25,0.7879999999999996
3348,-51.0,-3.0,90.5,0.6020000000000002
3349,-380.0,-26.0,89.0,0.6779999999999995
3350,150.0,190.0,93.25,0.632
3351,8.0,213.0,77.0,0.6779999999999998
3352,67.0,211.0,67.25,0.38800000000000007
3353,-227.0,36.0,112.75,0.5979999999999998
3354,49.0,-222.0,52.5,0.5740000000000001
3355,40.0,-193.0,77.75,0.5440000000000003
3356,-17.0,343.0,116.0,0.6339999999999999
3357,-16.0,12.0,65.75,0.6799999999999996
3358,-3.0,75.0,67.25,0.7459999999999996
3359,295.0,-235.0,142.5,0.46199999999999997
3360,70.0,225.0,76.0,0.49599999999999994
3361,-106.0,-137.0,108.0,0.49199999999999994
3362,105.0,211.0,83.75,0.5399999999999998
3363,-139.0,220.0,86.5,0.6779999999999998
3364,-276.0,-271.0,126.75,0.5259999999999996
3365,139.0,177.0,69.0,0.6020000000000001
3366,-79.0,194.0,112.5,0.7819999999999994
3367,-108.0,-242.0,103.0,0.528
3368,149.0,255.0,96.0,0.5579999999999997
3369,-151.0,151.0,95.25,0.6939999999999997
3370,-76.0,204.0,86.25,0.4179999999999996
3371,-276.0,-71.0,142.75,0.44999999999999984
3372,-252.0,-236.0,45.75,0.7699999999999996
3373,-47.0,94.0,72.0,0.6419999999999999
3374,-120.0,381.0,150.5,0.5860000000000003
3375,215.0,-167.0,94.75,0.7879999999999999
3376,171.0,367.0,55.0,0.5039999999999998
3377,-263.0,-112.0,66.25,0.5500000000000002
3378,216.0,27.0,69.25,0.6399999999999999
3379,-98.0,-243.0,92.0,0.5539999999999999
3380,260.0,-144.0,115.75,0.5600000000000002
3381,-294.0,-358.0,101.5,0.36599999999999966
3382,-129.0,-55.0,56.5,0.63
3383,92.0,-293.0,128.25,0.7479999999999996
3384,-98.0,61.0,62.5,0.5619999999999998
3385,396.0,-6.0,61.0,0.3519999999999996
3386,227.0,-82.0,79.0,0.5360000000000003
3387,-124.0,90.0,95.75,0.556
3388,-310.0,218.0,106.0,0.5739999999999998
3389,-279.0,74.0,101.0,0.6339999999999996
3390,71.0,1.0,100.0,0.4539999999999999
3391,-187.0,-34.0,123.75,0.7099999999999995
3392,5.0,80.0,113.75,0.682
3393,-209.0,-280.0,106.0,0.7319999999999998
3394,-95.0,23.0,87.75,0.5020000000000002
3395,-220.0,-181.0,90.0,0.7279999999999996
3396,-117.0,-265.0,62.75,0.5040000000000002
3397,-100.0,127.0,89.5,0.6779999999999999
3398,-35.0,160.0,109.0,0.5140000000000002
3399,368.0,-26.0,98.5,0.7939999999999996
3400,6.0,149.0,87.0,0.5539999999999998
3401,87.0,88.0,101.25,0.5420000000000001
3402,169.0,-11.0,103.0,0.596
3403,-34.0,-238.0,92.0,0.6099999999999999
3404,-328.0,-331.0,65.0,0.62
3405,243.0,-188.0,64.0,0.6499999999999999
3406,12.0,65.0,78.25,0.7019999999999995
3407,2.0,49.0,81.25,0.5400000000000003
3408,208.0,221.0,94.0,0.528
3409,-283.0,-167.0,83.25,0.7539999999999997
3410,70.0,202.0,115.25,0.7859999999999995
3411,-364.0,-6.0,61.0,0.6639999999999998
3412,-16.0,214.0,65.25,0.4680000000000003
3413,125.0,-221.0,56.25,0.7659999999999996
3414,-53.0,195.0,69.0,0.40599999999999964
3415,120.0,-205.0,103.5,0.6440000000000003
3416,-202.0,-100.0,62.5,0.7239999999999996
3417,-99.0,-256.0,86.5,0.5919999999999996
3418,13.0,117.0,63.25,0.6000000000000001
3419,392.0,54.0,105.5,0.7419999999999993
3420,59.0,-42.0,62.25,0.37599999999999967
3421,11.0,307.0,99.75,0.6719999999999999
3422,-120.0,381.0,142.75,0.5880000000000001
3423,317.0,-332.0,38.0,0.7819999999999997
3424,116.0,88.0,77.75,0.3119999999999996
3425,-303.0,-2.0,161.75,0.7479999999999994
3426,373.0,-26.0,82.75,0.6040000000000001
3427,-336.0,-285.0,57.25,0.5760000000000001
3428,101.0,320.0,96.25,0.4340000000000002
3429,218.0,-41.0,108.0,0.40400000000000014
3430,246.0,204.0,105.0,0.5079999999999998
3431,137.0,172.0,76.25,0.45000000000000007
3432,-71.0,244.0,91.5,0.3659999999999999
3433,-3.0,46.0,94.25,0.7099999999999997
3434,-104.0,398.0,153.25,0.5700000000000002
3435,-400.0,-355.0,82.25,0.6260000000000001
3436,34.0,131.0,83.25,0.4960000000000001
3437,278.0,-40.0,116.0,0.6259999999999999
3438,15.0,-294.0,86.5,0.39199999999999996
3439,-108.0,32.0,72.25,0.4719999999999998
3440,-42.0,263.0,91.25,0.41
3441,-39.0,122.0,103.25,0.7239999999999995
3442,-34.0,141.0,55.25,0.4579999999999997
3443,96.0,298.0,132.75,0.6140000000000003
3444,-195.0,-97.0,101.75,0.7019999999999998
3445,-295.0,-217.0,88.25,0.7879999999999997
3446,-200.0,52.0,87.5,0.714
3447,-65.0,313.0,123.5,0.55
3448,-69.0,-245.0,102.25,0.4180000000000002
3449,-174.0,-134.0,99.0,0.4979999999999999
3450,-237.0,-164.0,65.5,0.556
3451,332.0,-70.0,115.25,0.59
3452,-210.0,-125.0,69.75,0.49799999999999983
3453,-153.0,159.0,93.0,0.6679999999999997
3454,3.0,99.0,87.5,0.6739999999999999
3455,78.0,89.0,57.75,0.4780000000000002
3456,-42.0,157.0,68.5,0.6799999999999998
3457,-227.0,-204.0,109.0,0.6300000000000001
3458,20.0,204.0,64.0,0.4099999999999995
3459,-86.0,176.0,78.0,0.4479999999999997
3460,5.0,-395.0,123.25,0.4339999999999995
3461,236.0,94.0,88.75,0.5279999999999999
3462,-77.0,192.0,104.0,0.3960000000000003
3463,271.0,78.0,97.75,0.6639999999999995
3464,-15.0,160.0,81.25,0.6799999999999998
3465,-4.0,188.0,88.0,0.40799999999999975
3466,197.0,21.0,111.5,0.566
3467,203.0,-285.0,61.0,0.6420000000000003
3468,-46.0,335.0,100.5,0.2959999999999996
3469,-201.0,-221.0,64.0,0.26999999999999963
3470,-151.0,14.0,52.5,0.34599999999999986
3471,-145.0,-8.0,101.75,0.682
3472,62.0,74.0,80.75,0.8619999999999994
3473,2.0,92.0,104.0,0.8439999999999996
3474,391.0,-219.0,107.0,0.3479999999999998
3475,-95.0,299.0,58.75,0.4639999999999996
3476,-2.0,156.0,115.5,0.7559999999999993
3477,7.0,137.0,40.25,0.34199999999999975
3478,195.0,51.0,109.25,0.7319999999999994
3479,-282.0,-250.0,137.25,0.41800000000000004
3480,276.0,-31.0,90.75,0.7159999999999996
3481,213.0,16.0,127.0,0.6539999999999999
3482,212.0,-54.0,115.0,0.37599999999999995
3483,391.0,-208.0,87.5,0.4779999999999999
3484,-105.0,-152.0,61.0,0.48200000000000015
3485,241.0,-213.0,109.5,0.636
3486,95.0,185.0,84.5,0.5139999999999998
3487,-230.0,-235.0,102.25,0.402
3488,62.0,263.0,86.75,0.6280000000000002
3489,263.0,-100.0,145.25,0.688
3490,216.0,-120.0,81.5,0.5399999999999998
3491,-245.0,109.0,88.0,0.3319999999999998
3492,300.0,-375.0,138.5,0.54
3493,22.0,-77.0,102.5,0.4260000000000002
3494,-96.0,257.0,73.75,0.4339999999999998
3495,-158.0,260.0,90.25,0.5679999999999996
3496,71.0,199.0,81.0,0.36199999999999977
3497,214.0,-367.0,59.75,0.6819999999999999
3498,250.0,-330.0,103.75,0.6240000000000001
3499,116.0,302.0,56.5,0.38999999999999985
